{"epoch": 30, "batch": 5130, "train_loss": 1.0396454334259033, "train_accuracy": 0.4444444444444444, "_timestamp": 1710924697.3170247, "_runtime": 1662.6434166431427, "_step": 5159, "test_loss": 0.8225304484367371, "test_accuracy": 0.7557027225901398, "test_precision": 0.7380735706197208, "test_recall": 0.7154824810089454, "test_f1-score": 0.7241176136961012, "_wandb": {"runtime": 1667}}