{"epoch": 35, "batch": 5915, "train_loss": 0.973790168762207, "train_accuracy": 0.5714285714285714, "_timestamp": 1711019412.2183907, "_runtime": 1879.1514828205109, "_step": 5949, "test_loss": 0.5978573560714722, "test_accuracy": 0.8206686930091185, "test_precision": 0.8060549775023476, "test_recall": 0.7918952439778978, "test_f1-score": 0.7966390516980176, "_wandb": {"runtime": 1883}}