{"epoch": 40, "batch": 6840, "train_loss": 1.0485132932662964, "train_accuracy": 0.6666666666666666, "_timestamp": 1711004880.8870232, "_runtime": 2249.5352182388306, "_step": 6879, "test_loss": 0.8283471465110779, "test_accuracy": 0.7549668874172185, "test_precision": 0.7322691996742404, "test_recall": 0.7150025414749576, "test_f1-score": 0.7216110254272117, "_wandb": {"runtime": 2256}}