{"epoch": 40, "batch": 6840, "train_loss": 0.8283526301383972, "train_accuracy": 0.6666666666666666, "_timestamp": 1711001086.1442335, "_runtime": 2436.041619539261, "_step": 6879, "test_loss": 0.9669505953788757, "test_accuracy": 0.7049300956585725, "test_precision": 0.7026370466634267, "test_recall": 0.6634771096778366, "test_f1-score": 0.6775543992698885, "_wandb": {"runtime": 2445}}