{"epoch": 30, "batch": 5130, "train_loss": 1.498045563697815, "train_accuracy": 0.6666666666666666, "_timestamp": 1710922747.299672, "_runtime": 1539.8532660007477, "_step": 5159, "test_loss": 0.7175003290176392, "test_accuracy": 0.8226637233259749, "test_precision": 0.7989054941284702, "test_recall": 0.7907654249341117, "test_f1-score": 0.7921695031650834, "_wandb": {"runtime": 1550}}