{"epoch": 35, "batch": 5915, "train_loss": 0.5336001515388489, "train_accuracy": 0.8571428571428571, "_timestamp": 1711017337.4455547, "_runtime": 1463.4835817813873, "_step": 5949, "test_loss": 0.5890240669250488, "test_accuracy": 0.8328267477203647, "test_precision": 0.8131419281490123, "test_recall": 0.8025642411421372, "test_f1-score": 0.806562655007824, "_wandb": {"runtime": 1467}}