Class,Class_ID,Confidence(%)
彗星,0,99.99996423721313
土星,8,2.924932971382077e-05
月球,5,9.293720637515435e-06
海王星,6,2.959502864996466e-06
太阳,9,1.4057564889924379e-06
金星,11,1.2966130391589559e-06
地球,1,7.015104053209598e-07
天王星,10,6.32081498253001e-07
火星,3,2.3320265718496103e-07
木星,2,2.2605191052349483e-07
