Class,Class_ID,Confidence(%)
土星,8,99.57478642463684
木星,2,0.23077430669218302
月球,5,0.11252014664933085
金星,11,0.04406566440593451
火星,3,0.015794363571330905
