{"epoch": 35, "batch": 5915, "train_loss": 1.2813780307769775, "train_accuracy": 0.5714285714285714, "_timestamp": 1711008152.354742, "_runtime": 1888.5238881111145, "_step": 5949, "test_loss": 0.6162964701652527, "test_accuracy": 0.8419452887537994, "test_precision": 0.824118512439672, "test_recall": 0.825254946413459, "test_f1-score": 0.8213993373690164, "_wandb": {"runtime": 1894}}