{"epoch": 30, "batch": 5130, "train_loss": 1.14409339427948, "train_accuracy": 0.4444444444444444, "_timestamp": 1710920868.6495419, "_runtime": 1259.8179757595062, "_step": 5159, "test_loss": 1.0007007122039795, "test_accuracy": 0.7064017660044151, "test_precision": 0.7121984969939654, "test_recall": 0.6492947961630969, "test_f1-score": 0.6677428667908732, "_wandb": {"runtime": 1266}}